hotelName,hotelInformationUrl,hotelMinCharge,telephoneNo,reviewAverage
東急ステイ沖縄那覇,https://img.travel.rakuten.co.jp/image/tr/api/hs/dQ4dX/?f_no=177761,2475,098-833-1090,4.61
ノボテル沖縄那覇,https://img.travel.rakuten.co.jp/image/tr/api/hs/dQ4dX/?f_no=167519,3500,098-887-1111,4.39
ハイアットリージェンシー那覇沖縄,https://img.travel.rakuten.co.jp/image/tr/api/hs/dQ4dX/?f_no=148000,6666,098-866-8888,4.55
ダイワロイネットホテル那覇おもろまち,https://img.travel.rakuten.co.jp/image/tr/api/hs/dQ4dX/?f_no=134763,2325,098-862-4555,4.45
沖縄ハーバービューホテル,https://img.travel.rakuten.co.jp/image/tr/api/hs/dQ4dX/?f_no=176757,2750,098-853-2111,4.47
ホテル　ロコア　ナハ,https://img.travel.rakuten.co.jp/image/tr/api/hs/dQ4dX/?f_no=71990,4250,098-868-6578,4.43
沖縄逸の彩（ひので）　温泉リゾートホテル,https://img.travel.rakuten.co.jp/image/tr/api/hs/dQ4dX/?f_no=181495,4400,098-863-8877,4.59
ロワジールホテル那覇,https://img.travel.rakuten.co.jp/image/tr/api/hs/dQ4dX/?f_no=16443,3000,098-868-2222,4.13
ＪＲ九州ホテル　ブラッサム那覇,https://img.travel.rakuten.co.jp/image/tr/api/hs/dQ4dX/?f_no=160939,3850,098-861-8700,4.62
ＨＯＴＥＬ　ＳＡＮＳＵＩ　ＮＡＨＡ　波の上温泉（２０２２年２月　新規オープン）,https://img.travel.rakuten.co.jp/image/tr/api/hs/dQ4dX/?f_no=178447,2562,098-860-7001,3.89
ダイワロイネットホテル沖縄県庁前,https://img.travel.rakuten.co.jp/image/tr/api/hs/dQ4dX/?f_no=104526,2050,098-860-1855,4.11
ホテルコレクティブ,https://img.travel.rakuten.co.jp/image/tr/api/hs/dQ4dX/?f_no=172986,6000,098-860-8366,4.5
サンプラザホテル＜沖縄県＞,https://img.travel.rakuten.co.jp/image/tr/api/hs/dQ4dX/?f_no=18195,1250,098-866-0920,4.22
ホテルパームロイヤルNAHA国際通り,https://img.travel.rakuten.co.jp/image/tr/api/hs/dQ4dX/?f_no=38282,3017,098-865-5551,4.59
ダイワロイネットホテル那覇国際通り,https://img.travel.rakuten.co.jp/image/tr/api/hs/dQ4dX/?f_no=128440,2470,098-868-9055,4.4
ホテルグレイスリー那覇,https://img.travel.rakuten.co.jp/image/tr/api/hs/dQ4dX/?f_no=149369,2700,098-867-6111,4.49
ヒューイットリゾート那覇,https://img.travel.rakuten.co.jp/image/tr/api/hs/dQ4dX/?f_no=181785,4410,098-943-8325,4.23
リーガロイヤルグラン沖縄,https://img.travel.rakuten.co.jp/image/tr/api/hs/dQ4dX/?f_no=136808,4000,098-867-3331,4.58
メルキュールホテル沖縄那覇,https://img.travel.rakuten.co.jp/image/tr/api/hs/dQ4dX/?f_no=137367,2600,098-855-7111,4.44
アルモントホテル那覇おもろまち(旧ホテル法華クラブ那覇新都心),https://img.travel.rakuten.co.jp/image/tr/api/hs/dQ4dX/?f_no=40768,2200,098-860-6611,4.46
リッチモンドホテル那覇久茂地,https://img.travel.rakuten.co.jp/image/tr/api/hs/dQ4dX/?f_no=19934,2570,098-869-0077,4.29
ホテルＪＡＬシティ那覇（国際通り）,https://img.travel.rakuten.co.jp/image/tr/api/hs/dQ4dX/?f_no=50220,2000,098-866-2580,4.41
ロワジールスパタワー那覇,https://img.travel.rakuten.co.jp/image/tr/api/hs/dQ4dX/?f_no=78094,6120,098-868-2222,4.4
那覇東急ＲＥＩホテル,https://img.travel.rakuten.co.jp/image/tr/api/hs/dQ4dX/?f_no=76923,3375,098-869-0109,4.65
ホテル　ストレータ那覇,https://img.travel.rakuten.co.jp/image/tr/api/hs/dQ4dX/?f_no=178292,3600,098-860-7400,4.53
アルモントホテル那覇県庁前,https://img.travel.rakuten.co.jp/image/tr/api/hs/dQ4dX/?f_no=149360,3442,098-866-3811,4.33
ホテルアクアチッタナハ,https://img.travel.rakuten.co.jp/image/tr/api/hs/dQ4dX/?f_no=163087,3100,098-866-5000,4.29
ネストホテル那覇西,https://img.travel.rakuten.co.jp/image/tr/api/hs/dQ4dX/?f_no=183769,2000,098-988-9696,4.6
コンフォートイン那覇泊港,https://img.travel.rakuten.co.jp/image/tr/api/hs/dQ4dX/?f_no=182682,2600,098-866-4711,4.47
コンフォートホテル那覇県庁前,https://img.travel.rakuten.co.jp/image/tr/api/hs/dQ4dX/?f_no=73870,2400,098-941-7311,4.24
コンドミニアムリゾート那覇　リビングイン旭橋駅前プレミア＆アネックス,https://img.travel.rakuten.co.jp/image/tr/api/hs/dQ4dX/?f_no=153504,1300,098-943-1339,4.46
ホテルロイヤルオリオン,https://img.travel.rakuten.co.jp/image/tr/api/hs/dQ4dX/?f_no=2906,2500,098-866-5533,4.56
パシフィックホテル沖縄,https://img.travel.rakuten.co.jp/image/tr/api/hs/dQ4dX/?f_no=56315,2079,098-868-5162,4.37
ＯＫＩＮＡＷＡ　ＫＡＲＩＹＵＳＨＩ　ＲＥＳＯＲＴ　ＥＸＥＳ　ＮＡＨＡ（エグゼス那覇）,https://img.travel.rakuten.co.jp/image/tr/api/hs/dQ4dX/?f_no=171943,8000,098-860-3300,4.76
西鉄リゾートイン那覇,https://img.travel.rakuten.co.jp/image/tr/api/hs/dQ4dX/?f_no=130025,3000,098-869-5454,4.23
ホテルルートイン那覇泊港,https://img.travel.rakuten.co.jp/image/tr/api/hs/dQ4dX/?f_no=56974,3550,098-866-0700,4.32
ホテル　アンテルーム那覇,https://img.travel.rakuten.co.jp/image/tr/api/hs/dQ4dX/?f_no=177913,3067,098-860-5151,4.64
那覇ウエスト・イン,https://img.travel.rakuten.co.jp/image/tr/api/hs/dQ4dX/?f_no=72693,1496,098-862-0048,4.47
ホテルエアウェイ,https://img.travel.rakuten.co.jp/image/tr/api/hs/dQ4dX/?f_no=753,2325,098-864-0511,4.46
ホテル　ロコイン沖縄,https://img.travel.rakuten.co.jp/image/tr/api/hs/dQ4dX/?f_no=15963,2550,098-869-6511,4.28
ＨＯＴＥＬ　ＭＡＲＵＫＩ　（県庁前駅）,https://img.travel.rakuten.co.jp/image/tr/api/hs/dQ4dX/?f_no=19850,550,098-862-6135,4.24
ワイズイン那覇小禄駅前,https://img.travel.rakuten.co.jp/image/tr/api/hs/dQ4dX/?f_no=180993,2000,098-859-7029,4.48
ホテルランタナ那覇国際通り,https://img.travel.rakuten.co.jp/image/tr/api/hs/dQ4dX/?f_no=176688,2200,098-862-3211,4.48
那覇ビーチサイドホテル,https://img.travel.rakuten.co.jp/image/tr/api/hs/dQ4dX/?f_no=14996,2400,098-862-2300,4.22
コンドミニオマキシ,https://img.travel.rakuten.co.jp/image/tr/api/hs/dQ4dX/?f_no=145325,2250,070-5489-1650,4.58
ホテル　ペスカトーレ沖縄,https://img.travel.rakuten.co.jp/image/tr/api/hs/dQ4dX/?f_no=165035,1600,098-894-8847,4.85
ホテル・トリフィート那覇旭橋,https://img.travel.rakuten.co.jp/image/tr/api/hs/dQ4dX/?f_no=172985,1700,098-860-6430,4.5
スマイルホテル沖縄那覇,https://img.travel.rakuten.co.jp/image/tr/api/hs/dQ4dX/?f_no=67438,2400,098-866-8100,4.02
ＨＯＴＥＬ　ＳｔｏＲＫ　那覇新都心,https://img.travel.rakuten.co.jp/image/tr/api/hs/dQ4dX/?f_no=73885,1190,098-941-2920,4.28
かりゆしコンドミニアムリゾート那覇　龍神ホテル浮島,https://img.travel.rakuten.co.jp/image/tr/api/hs/dQ4dX/?f_no=181339,2600,098-967-7112,4.47
ＧＲＧホテル那覇東町,https://img.travel.rakuten.co.jp/image/tr/api/hs/dQ4dX/?f_no=41401,2850,098-862-7200,4.08
ホテルアベスト那覇国際通り,https://img.travel.rakuten.co.jp/image/tr/api/hs/dQ4dX/?f_no=146927,2520,098-943-5800,4.26
グリーンリッチホテル那覇　人工温泉・二股湯の華,https://img.travel.rakuten.co.jp/image/tr/api/hs/dQ4dX/?f_no=172254,2500,098-863-2400,4.19
ＧＲＧホテル那覇,https://img.travel.rakuten.co.jp/image/tr/api/hs/dQ4dX/?f_no=16693,2900,098-868-6100,4.59
ＰＲＯＳＴＹＬＥ　ＴＥＲＲＡＣＥ　ＮＡＨＡ（プロスタイル　テラス　ナハ）,https://img.travel.rakuten.co.jp/image/tr/api/hs/dQ4dX/?f_no=182862,3600,098-988-4860,4.73
ホテル　グランビュー沖縄,https://img.travel.rakuten.co.jp/image/tr/api/hs/dQ4dX/?f_no=29924,3500,098-859-4890,4.2
Ｒａｋｕｔｅｎ　ＳＴＡＹ　那覇泊ふ頭,https://img.travel.rakuten.co.jp/image/tr/api/hs/dQ4dX/?f_no=170211,920,03-4405-0568,4.32
ザ・ナハテラス,https://img.travel.rakuten.co.jp/image/tr/api/hs/dQ4dX/?f_no=5648,11435,098-864-1111,5.0
コンドミニオマキシ　アネッソ,https://img.travel.rakuten.co.jp/image/tr/api/hs/dQ4dX/?f_no=160915,2000,080-4312-1657,4.65
エスティネートホテル那覇（ＥＳＴＩＮＡＴＥ　ＨＯＴＥＬ　那覇）,https://img.travel.rakuten.co.jp/image/tr/api/hs/dQ4dX/?f_no=149249,2000,098-943-4900,4.22
Ｒａｋｕｔｅｎ　ＳＴＡＹ　那覇　やちむん通り,https://img.travel.rakuten.co.jp/image/tr/api/hs/dQ4dX/?f_no=170488,800,050-5358-5311,4.23
沖縄ナハナ・ホテル＆スパ,https://img.travel.rakuten.co.jp/image/tr/api/hs/dQ4dX/?f_no=67389,1898,098-866-0787,4.33
ホテルリブマックスＢＵＤＧＥＴ那覇,https://img.travel.rakuten.co.jp/image/tr/api/hs/dQ4dX/?f_no=136129,1250,098-868-0111,3.04
リブレガーデンホテル,https://img.travel.rakuten.co.jp/image/tr/api/hs/dQ4dX/?f_no=40689,2830,098-869-3333,4.17
ティサージホテル那覇,https://img.travel.rakuten.co.jp/image/tr/api/hs/dQ4dX/?f_no=165239,1534,098-861-1122,4.22
ホテルルートイン那覇旭橋駅東,https://img.travel.rakuten.co.jp/image/tr/api/hs/dQ4dX/?f_no=15424,3900,098-860-8311,3.92
ホテルブライオン那覇,https://img.travel.rakuten.co.jp/image/tr/api/hs/dQ4dX/?f_no=27883,2750,098-868-1600,4.44
スーパーホテル那覇・新都心,https://img.travel.rakuten.co.jp/image/tr/api/hs/dQ4dX/?f_no=70884,2410,098-861-9000,4.36
ＫＡＲＩＹＵＳＨＩ　ＬＣＨ．Ｉｚｕｍｉｚａｋｉ　県庁前,https://img.travel.rakuten.co.jp/image/tr/api/hs/dQ4dX/?f_no=144936,2490,098-866-1200,3.8
ホテルアートステイ那覇国際通り,https://img.travel.rakuten.co.jp/image/tr/api/hs/dQ4dX/?f_no=73895,3090,098-861-7070,4.12
ホテルアザット那覇,https://img.travel.rakuten.co.jp/image/tr/api/hs/dQ4dX/?f_no=68091,2200,098-863-0888,4.2
ホテル　サン沖縄,https://img.travel.rakuten.co.jp/image/tr/api/hs/dQ4dX/?f_no=7766,2530,098-866-1111,4.83
ホテル　オーシャン（那覇国際通り）,https://img.travel.rakuten.co.jp/image/tr/api/hs/dQ4dX/?f_no=78126,1899,098-863-2288,4.53
ＯＭＯ５沖縄那覇　ｂｙ　星野リゾート,https://img.travel.rakuten.co.jp/image/tr/api/hs/dQ4dX/?f_no=181957,2900,0570-073-099,3.82
ダブルツリーｂｙヒルトン那覇,https://img.travel.rakuten.co.jp/image/tr/api/hs/dQ4dX/?f_no=70304,4810,098-862-0123,4.33
ＣＯＭＭＵＮＩＴＹ＆ＳＰＡ　那覇セントラルホテル,https://img.travel.rakuten.co.jp/image/tr/api/hs/dQ4dX/?f_no=196,3080,098-862-6070,3.39
ホテルサンパレス球陽館,https://img.travel.rakuten.co.jp/image/tr/api/hs/dQ4dX/?f_no=555,2640,098-863-4181,4.45
クリアスホテル壺川マルシェ,https://img.travel.rakuten.co.jp/image/tr/api/hs/dQ4dX/?f_no=165909,1820,098-851-3944,4.79
南西観光ホテル,https://img.travel.rakuten.co.jp/image/tr/api/hs/dQ4dX/?f_no=11259,2000,098-862-7144,4.0
Ｒａｋｕｔｅｎ　ＳＴＡＹ　那覇美栄橋,https://img.travel.rakuten.co.jp/image/tr/api/hs/dQ4dX/?f_no=169899,900,03-4405-0568,3.89
エナジックホテル山市　Ｅｎａｇｉｃ　ＨＯＴＥＬ　ＹＡＭＡＩＣＨＩ,https://img.travel.rakuten.co.jp/image/tr/api/hs/dQ4dX/?f_no=180670,1925,098-866-5421,4.05
Ｎｅｗ　Ｎｏｒｍａｌ　Ｈｏｔｅｌ　ｉｎ　ＭＡＴＳＵＹＡＭＡ（ニューノーマルホテルイン松山）,https://img.travel.rakuten.co.jp/image/tr/api/hs/dQ4dX/?f_no=183142,1500,098-894-4704,4.4
ホテルユクエスタ旭橋駅前,https://img.travel.rakuten.co.jp/image/tr/api/hs/dQ4dX/?f_no=16234,2640,098-866-0600,4.42
ホテルリブマックスＢＵＤＧＥＴ那覇松山,https://img.travel.rakuten.co.jp/image/tr/api/hs/dQ4dX/?f_no=181240,1250,098-862-0810,3.52
チャビラホテル那覇,https://img.travel.rakuten.co.jp/image/tr/api/hs/dQ4dX/?f_no=73933,2695,098-840-1000,3.85
ワイズキャビン＆ホテル那覇国際通り,https://img.travel.rakuten.co.jp/image/tr/api/hs/dQ4dX/?f_no=166949,1600,098-869-5137,4.48
Ｌｉｔｔｌｅ　Ｉｓｌａｎｄ　Ｏｋｉｎａｗａ　松山,https://img.travel.rakuten.co.jp/image/tr/api/hs/dQ4dX/?f_no=177772,2200,098-880-2570,3.0
HOTEL　COCO新都心,https://img.travel.rakuten.co.jp/image/tr/api/hs/dQ4dX/?f_no=72784,1700,098-863-7500,4.11
ホテル　ロコイン松山,https://img.travel.rakuten.co.jp/image/tr/api/hs/dQ4dX/?f_no=626,2300,098-869-6565,3.93
ダブルツリーｂｙヒルトン那覇首里城,https://img.travel.rakuten.co.jp/image/tr/api/hs/dQ4dX/?f_no=14113,3915,098-886-5454,3.47
東横イン那覇新都心おもろまち,https://img.travel.rakuten.co.jp/image/tr/api/hs/dQ4dX/?f_no=52723,3225,098-863-1045,4.13
Ｍｒ．ＫＩＮＪＯ　ｉｎ　ＳＡＫＡＥＭＡＣＨＩ,https://img.travel.rakuten.co.jp/image/tr/api/hs/dQ4dX/?f_no=168288,,098-987-6671,4.38
Ｈｏｔｅｌ　Ｖｉｖｉａｎａ,https://img.travel.rakuten.co.jp/image/tr/api/hs/dQ4dX/?f_no=176542,5500,098-975-9075,4.75
Ｍｒ．ＫＩＮＪＯ　旭橋駅前,https://img.travel.rakuten.co.jp/image/tr/api/hs/dQ4dX/?f_no=167143,1860,098-917-6367,4.4
Ｎｅｗ　Ｎｏｒｍａｌ　Ｈｏｔｅｌ　ｉｎ　ＮＡＭＩＮＯＵＥ（ニューノーマルホテルイン波の上）,https://img.travel.rakuten.co.jp/image/tr/api/hs/dQ4dX/?f_no=183143,1440,098-894-4353,4.38
ホテル　ピースランド久米,https://img.travel.rakuten.co.jp/image/tr/api/hs/dQ4dX/?f_no=39414,2000,098-860-6070,4.67
プロスタイル旅館　那覇県庁前,https://img.travel.rakuten.co.jp/image/tr/api/hs/dQ4dX/?f_no=182305,2900,098-917-1629,4.81
スマートコンド泊,https://img.travel.rakuten.co.jp/image/tr/api/hs/dQ4dX/?f_no=167250,3100,098-988-3771,5.0
ホテルリソルトリニティ那覇（２０２２年４月１日オープン）,https://img.travel.rakuten.co.jp/image/tr/api/hs/dQ4dX/?f_no=182884,2500,098-863-9269,4.73
沖縄オリエンタルホテル,https://img.travel.rakuten.co.jp/image/tr/api/hs/dQ4dX/?f_no=881,1300,098-868-0883,3.85
Ｈｏｔｅｌ　Ｃｏｃｋｔａｉｌ　Ｓｔａｙ　Ｎａｈａ（２０２１年４月開業）,https://img.travel.rakuten.co.jp/image/tr/api/hs/dQ4dX/?f_no=178226,2200,098-860-7201,4.05
琉球サンロイヤルホテル,https://img.travel.rakuten.co.jp/image/tr/api/hs/dQ4dX/?f_no=18415,2080,098-862-3811,3.24
テラスリゾート　新都心,https://img.travel.rakuten.co.jp/image/tr/api/hs/dQ4dX/?f_no=153127,1620,0120-330-885,4.29
かりゆしコンドミニアムリゾート那覇　グランステイ旭橋駅前,https://img.travel.rakuten.co.jp/image/tr/api/hs/dQ4dX/?f_no=179591,3500,098-967-7112,4.0
アルファベッドイン那覇国際通りＥＡＳＴ,https://img.travel.rakuten.co.jp/image/tr/api/hs/dQ4dX/?f_no=183254,1800,050-5212-7664,4.21
ＨＯＴＥＬ　ＰＲＥＣＩＡ　（ホテル　プレシア）　那覇辻町,https://img.travel.rakuten.co.jp/image/tr/api/hs/dQ4dX/?f_no=158381,1288,098-864-2111,4.0
ＣＡＢＩＮ＆ＨＯＴＥＬ　ＲｅＴＩＭＥ,https://img.travel.rakuten.co.jp/image/tr/api/hs/dQ4dX/?f_no=176712,1440,098-861-1810,4.41
ホテルリブマックスＢＵＤＧＥＴ那覇泊港,https://img.travel.rakuten.co.jp/image/tr/api/hs/dQ4dX/?f_no=147591,1250,098-868-4100,3.11
Ｌｉｔｔｌｅ　Ｉｓｌａｎｄ　Ｏｋｉｎａｗａ　久茂地,https://img.travel.rakuten.co.jp/image/tr/api/hs/dQ4dX/?f_no=182369,2440,098-989-7617,4.23
ＮＡＨＡ新都心ＨＯＴＥＬ,https://img.travel.rakuten.co.jp/image/tr/api/hs/dQ4dX/?f_no=183573,2000,098-894-8558,4.67
ウィークリー（デイリー）ハーバービューマンション,https://img.travel.rakuten.co.jp/image/tr/api/hs/dQ4dX/?f_no=72030,1750,098-855-8111,3.0
ホテルランタナ那覇松山,https://img.travel.rakuten.co.jp/image/tr/api/hs/dQ4dX/?f_no=177516,2000,098-917-6106,4.0
Ｍｒ．ＫＩＮＪＯ　Ｅｍｉｎｅｎｃｅ　ｉｎｎ　Ｍａｋｉｓｈｉ,https://img.travel.rakuten.co.jp/image/tr/api/hs/dQ4dX/?f_no=149417,1650,098-917-6262,3.25
ホテルパークスタジアム那覇,https://img.travel.rakuten.co.jp/image/tr/api/hs/dQ4dX/?f_no=20370,2500,098-859-9000,4.11
旅の宿　らくちん,https://img.travel.rakuten.co.jp/image/tr/api/hs/dQ4dX/?f_no=37432,1500,098-868-6302,4.8
ホテル　タイラ,https://img.travel.rakuten.co.jp/image/tr/api/hs/dQ4dX/?f_no=12551,1770,098-868-4515,4.0
Ｂｅｓｔ　ｅｖｅｒ　ｈｏｔｅｌ,https://img.travel.rakuten.co.jp/image/tr/api/hs/dQ4dX/?f_no=182395,2031,098-989-7617,5.0
Ｔ－ＳＴＹＬＥ,https://img.travel.rakuten.co.jp/image/tr/api/hs/dQ4dX/?f_no=167691,1380,098-917-1780,2.0
レンブラントスタイル那覇（２０２２年４月２１日オープン）,https://img.travel.rakuten.co.jp/image/tr/api/hs/dQ4dX/?f_no=183302,1932,098-975-9110,3.33
Ｌｉｔｔｌｅ　Ｉｓｌａｎｄ　Ｏｋｉｎａｗａ　泊,https://img.travel.rakuten.co.jp/image/tr/api/hs/dQ4dX/?f_no=165736,1550,098-866-5609,4.33
サンキョウビジネスホテル,https://img.travel.rakuten.co.jp/image/tr/api/hs/dQ4dX/?f_no=135890,2100,098-867-5041,3.94
コンドミニアムＧＯＬＦＧＯＬＦ壺屋（旧ホワイトテラス壺屋）,https://img.travel.rakuten.co.jp/image/tr/api/hs/dQ4dX/?f_no=167076,2610,098-987-1789,4.0
ＲＪホテル那覇,https://img.travel.rakuten.co.jp/image/tr/api/hs/dQ4dX/?f_no=164831,2500,098-866-1011,4.38
ホテル　オロックス（ＨＯＴＥＬＯＲＯＸ）,https://img.travel.rakuten.co.jp/image/tr/api/hs/dQ4dX/?f_no=153341,1792,098-851-3712,3.67
沖縄の宿　ふぁみり〜ｉｎｎ,https://img.travel.rakuten.co.jp/image/tr/api/hs/dQ4dX/?f_no=166493,1900,070-5277-8538,4.13
東横イン那覇おもろまち駅前,https://img.travel.rakuten.co.jp/image/tr/api/hs/dQ4dX/?f_no=78191,3650,098-862-1045,4.0
ホテル　サン・クイーン（那覇／国際通り沿い）,https://img.travel.rakuten.co.jp/image/tr/api/hs/dQ4dX/?f_no=52511,2140,098-869-6600,4.0
ＢｉＢｉ　Ｈｏｔｅｌ　国際通り店,https://img.travel.rakuten.co.jp/image/tr/api/hs/dQ4dX/?f_no=177702,2200,098-988-8791,4.17
サンセットヒルズイン那覇,https://img.travel.rakuten.co.jp/image/tr/api/hs/dQ4dX/?f_no=167835,2835,098-869-6388,3.6
あさひ２１　旭橋駅前,https://img.travel.rakuten.co.jp/image/tr/api/hs/dQ4dX/?f_no=108175,2500,098-867-0339,4.67
ＣＡＢＩＮ＆ＨＯＴＥＬ　ＣＯＮＳＴＡＮＴ　ＮＡＨＡ,https://img.travel.rakuten.co.jp/image/tr/api/hs/dQ4dX/?f_no=183572,1900,098-869-0701,4.0
ホテル山の内,https://img.travel.rakuten.co.jp/image/tr/api/hs/dQ4dX/?f_no=10959,2816,098-862-5301,4.3
Ｍｒ．ＫＩＮＪＯ　ｉｎ　ＨＡＩＢＩＳＵ西町,https://img.travel.rakuten.co.jp/image/tr/api/hs/dQ4dX/?f_no=182695,1710,098-917-1652,3.0
コンドミニアム　エルズイン　那覇樋川　ｂｙ　コルディオプレミアム,https://img.travel.rakuten.co.jp/image/tr/api/hs/dQ4dX/?f_no=166044,1930,098-923-1420,4.33
Ｈｏｔｅｌ　Ｂｒｉｃｋ,https://img.travel.rakuten.co.jp/image/tr/api/hs/dQ4dX/?f_no=182735,2750,098-917-5391,4.0
Ｍｒ．ＫＩＮＪＯ　ｉｎ　Ｍｉｅｇｕｓｕｋｕ,https://img.travel.rakuten.co.jp/image/tr/api/hs/dQ4dX/?f_no=180309,1530,098-894-8966,3.67
Ｍｒ．ＫＩＮＪＯＭｉｋｉ２４ｉｎ牧志駅前,https://img.travel.rakuten.co.jp/image/tr/api/hs/dQ4dX/?f_no=178486,,098-988-1762,3.6
マンゴーリゾート沖縄那覇,https://img.travel.rakuten.co.jp/image/tr/api/hs/dQ4dX/?f_no=179596,1210,098-943-9449,4.0
ホテルニューおきなわ,https://img.travel.rakuten.co.jp/image/tr/api/hs/dQ4dX/?f_no=28122,3600,098-867-7200,5.0
ＨＯＴＥＬ　ＵＭＩＺＯＬＡ,https://img.travel.rakuten.co.jp/image/tr/api/hs/dQ4dX/?f_no=151211,1388,098-894-3597,1.0
ホテル国際プラザ,https://img.travel.rakuten.co.jp/image/tr/api/hs/dQ4dX/?f_no=28123,300,098-862-4243,3.5
ＨＯＴＥＬ　ＣｈｕｌａＶｉｓｔａ　ＳＥＮＡＧＡ　（ホテルチュラビスタ瀬長）,https://img.travel.rakuten.co.jp/image/tr/api/hs/dQ4dX/?f_no=178283,2520,098-989-7617,4.67
Ｍｒ．ＫＩＮＪＯ　ｉｎ　ＭＩＥＢＡＳＨＩ,https://img.travel.rakuten.co.jp/image/tr/api/hs/dQ4dX/?f_no=165990,1450,098-917-2416,3.86
個室ホステル美らキャビン,https://img.travel.rakuten.co.jp/image/tr/api/hs/dQ4dX/?f_no=168674,1500,098-894-8981,3.91
シーサー・イン那覇,https://img.travel.rakuten.co.jp/image/tr/api/hs/dQ4dX/?f_no=1623,3300,098-861-4311,4.5
ＢｉＢｉ　Ｈｏｔｅｌ　ＮＡＨＡ　ＫＵＭＥ,https://img.travel.rakuten.co.jp/image/tr/api/hs/dQ4dX/?f_no=183233,1176,098-917-0920,4.33
グランドキャビンホテル那覇小禄,https://img.travel.rakuten.co.jp/image/tr/api/hs/dQ4dX/?f_no=171977,1900,098-851-4990,4.31
Ｍｒ．ＫＩＮＪＯ　ＶＩＯＬＥＴＴＥ空港前,https://img.travel.rakuten.co.jp/image/tr/api/hs/dQ4dX/?f_no=149418,2790,098-996-5241,4.0
ホテル沖縄　ｗｉｔｈ　サンリオキャラクターズ,https://img.travel.rakuten.co.jp/image/tr/api/hs/dQ4dX/?f_no=177099,4100,098-866-0011,3.5
アクロスおもろまち那覇,https://img.travel.rakuten.co.jp/image/tr/api/hs/dQ4dX/?f_no=167200,1480,098-884-7865,0.0
東横イン那覇国際通り美栄橋駅,https://img.travel.rakuten.co.jp/image/tr/api/hs/dQ4dX/?f_no=54087,3650,098-867-1045,4.5
Ｍｒ．ＫＩＮＪＯｉｎＳｙａｎｔｉＶａｎ壺川駅,https://img.travel.rakuten.co.jp/image/tr/api/hs/dQ4dX/?f_no=167142,1755,098-851-3803,4.25
テンポイントホテル：コンドミニアムＯＫＯＵ,https://img.travel.rakuten.co.jp/image/tr/api/hs/dQ4dX/?f_no=179231,1700,098-861-0358,4.8
Ｍｒ．ＫＩＮＪＯ　ｉｎ　ＮＡＨＡ,https://img.travel.rakuten.co.jp/image/tr/api/hs/dQ4dX/?f_no=176605,,098-917-1725,4.0
Ｇ‐ＲＡＴＩＳ　ＯＭＯＲＯＭＡＣＨＩ（グラティスオモロマチ）,https://img.travel.rakuten.co.jp/image/tr/api/hs/dQ4dX/?f_no=165197,2810,050-5216-6211,5.0
沖縄ホテルコンチネンタル,https://img.travel.rakuten.co.jp/image/tr/api/hs/dQ4dX/?f_no=142912,390,098-868-1143,2.8
ルートイングランティア那覇,https://img.travel.rakuten.co.jp/image/tr/api/hs/dQ4dX/?f_no=7589,3000,098-860-0771,4.27
シティコンド　ジョイントホーム那覇　ｂｙ　コルディオプレミアム,https://img.travel.rakuten.co.jp/image/tr/api/hs/dQ4dX/?f_no=176731,14280,098-923-1420,
プチスイート崇元寺石門,https://img.travel.rakuten.co.jp/image/tr/api/hs/dQ4dX/?f_no=181247,4200,098-963-9320,4.8
Ｍｒ．ＫＩＮＪＯｉｎＡｉｒｐｏｒｔ,https://img.travel.rakuten.co.jp/image/tr/api/hs/dQ4dX/?f_no=167635,1980,098-851-3951,5
Ｍｒ．ＫＩＮＪＯ　ｉｎｎ　Ｄ－ｂｕｉｌ,https://img.travel.rakuten.co.jp/image/tr/api/hs/dQ4dX/?f_no=160824,1800,098-943-8512,5
Ｔｏｗｅｌ　Ｈｏｔｅｌ　Ｎａｈａ　タオル　ホテル　那覇　県庁南口,https://img.travel.rakuten.co.jp/image/tr/api/hs/dQ4dX/?f_no=182380,3300,098-858-3515,
コンドミニアム　ｆｅｌｉｃｉｔａ　那覇,https://img.travel.rakuten.co.jp/image/tr/api/hs/dQ4dX/?f_no=165106,3000,098-894-8986,5
Ｍｒ．ＫＩＮＪＯ　ＬＩＮＫｉｎＫｕｍｅＮＡＨＡ,https://img.travel.rakuten.co.jp/image/tr/api/hs/dQ4dX/?f_no=177934,,098-963-9285,4.14
ＫＩＮＴＡＲＯ　ＨＯＴＥＬ　沖縄那覇,https://img.travel.rakuten.co.jp/image/tr/api/hs/dQ4dX/?f_no=172239,1072,03-6822-3598,3
国際タウンズイン,https://img.travel.rakuten.co.jp/image/tr/api/hs/dQ4dX/?f_no=84787,2295,098-860-1236,0
かりゆしコンドミニアムリゾート那覇　スカイ・リビングホテル旭橋駅前,https://img.travel.rakuten.co.jp/image/tr/api/hs/dQ4dX/?f_no=180091,1800,098-862-1212,
アルファベッドイン那覇国際通りＷＥＳＴ,https://img.travel.rakuten.co.jp/image/tr/api/hs/dQ4dX/?f_no=182582,2200,050-5212-7664,4.19
沖縄ゲストハウスＧＲＡＮＤ那覇（グランナハ）,https://img.travel.rakuten.co.jp/image/tr/api/hs/dQ4dX/?f_no=149061,1200,098-917-4946,4.25
ＢｉＢｉ　Ｈｏｔｅｌ　ＳＡＫＵＲＡＺＡＫＡ,https://img.travel.rakuten.co.jp/image/tr/api/hs/dQ4dX/?f_no=183234,1820,098-988-8791,
ゲストハウス　海風,https://img.travel.rakuten.co.jp/image/tr/api/hs/dQ4dX/?f_no=158885,1110,098-917-1298,5
ｎａｈａ－ｄｅ．ａｓｏｂｕ,https://img.travel.rakuten.co.jp/image/tr/api/hs/dQ4dX/?f_no=182548,2660,090-6861-3519,
アパホテル＜那覇若狭大通＞,https://img.travel.rakuten.co.jp/image/tr/api/hs/dQ4dX/?f_no=183849,3330,098-862-2111,
ＳＴＡＹ　ＩＮ　ＳＵＭＵＫＡ　国際通り,https://img.travel.rakuten.co.jp/image/tr/api/hs/dQ4dX/?f_no=177091,,098-865-5525,4.6
Ｖｉｌｌａ　Ｉｚｕｍｉｚａｋｉ（ヴィラ泉崎）,https://img.travel.rakuten.co.jp/image/tr/api/hs/dQ4dX/?f_no=158476,2250,098-894-3597,5
ＭｙＰｌａｃｅ,https://img.travel.rakuten.co.jp/image/tr/api/hs/dQ4dX/?f_no=149267,943,080-8569-2887,4.11
テンポイントホテル：エアポート,https://img.travel.rakuten.co.jp/image/tr/api/hs/dQ4dX/?f_no=177614,1500,098-851-5346,4.5
Ｎ’ｓＰｏｒｔｓｉｄｅ泊,https://img.travel.rakuten.co.jp/image/tr/api/hs/dQ4dX/?f_no=168287,1580,098-894-8205,4
ビジネスホテルマリンウエスト那覇,https://img.travel.rakuten.co.jp/image/tr/api/hs/dQ4dX/?f_no=9460,4000,098-863-0055,5
ホテルユクエスタ東町,https://img.travel.rakuten.co.jp/image/tr/api/hs/dQ4dX/?f_no=183825,2925,098-866-0620,
Ｍｒ．ＫＩＮＪＯ　ｉｎ　ＭＩＨＡＲＡ,https://img.travel.rakuten.co.jp/image/tr/api/hs/dQ4dX/?f_no=165989,1980,098-894-6086,4.2
たびの邸宅　沖縄那覇,https://img.travel.rakuten.co.jp/image/tr/api/hs/dQ4dX/?f_no=172467,4950,0800-805-7197,3
ワイヤーズホテルＮＡＨＡ,https://img.travel.rakuten.co.jp/image/tr/api/hs/dQ4dX/?f_no=147940,3500,098-917-5267,4.2
Ｍ’ｓＨＯＴＥＬ　おもろまち,https://img.travel.rakuten.co.jp/image/tr/api/hs/dQ4dX/?f_no=179010,1436,050-5275-0318,
Ｍｃｉｔｙ　ｉｎ　Ｆｕｒｕｊｉｍａ,https://img.travel.rakuten.co.jp/image/tr/api/hs/dQ4dX/?f_no=182111,1360,03-4405-2361,
サンチャゴゲストハウス那覇,https://img.travel.rakuten.co.jp/image/tr/api/hs/dQ4dX/?f_no=172613,1500,080-4437-8570,0
ｒｏｂ　ｃｏｎｄ,https://img.travel.rakuten.co.jp/image/tr/api/hs/dQ4dX/?f_no=145341,1500,098-851-3202,3
ＨＯＴＥＬ　ＣＯＺＹ　ＳＴＡＹ　ＩＮ　那覇,https://img.travel.rakuten.co.jp/image/tr/api/hs/dQ4dX/?f_no=177089,2500,098-988-1952,4.25
ロハスヴィラ,https://img.travel.rakuten.co.jp/image/tr/api/hs/dQ4dX/?f_no=54224,1,098-867-7757,3.4
レジデンシャルホテル１８３那覇（Ｒｅｓｉｄｅｎｔｉａｌ　Ｈｏｔｅｌ　１８３　Ｎａｈａ）,https://img.travel.rakuten.co.jp/image/tr/api/hs/dQ4dX/?f_no=176578,2200,050-3138-4183,5
レジデンシャルホテル那覇　美栄橋（Ｒｅｓｉｄｅｎｔｉａｌ　Ｈｏｔｅｌ　Ｎａｈａ　Ｍｉｅｂａｓｈｉ）,https://img.travel.rakuten.co.jp/image/tr/api/hs/dQ4dX/?f_no=183907,3000,050-3177-2942,5
シークレットハウス牧志,https://img.travel.rakuten.co.jp/image/tr/api/hs/dQ4dX/?f_no=151299,6000,098-911-5282,5
Ｋｏｋｕｓａｉ　Ｓｔｒｅｅｔ　Ｇａｒｄｅｎ　Ｈｏｔｅｌ,https://img.travel.rakuten.co.jp/image/tr/api/hs/dQ4dX/?f_no=182307,2063,098-989-7617,
コンドホテル　ＪＯＹ　ＩＮＮ,https://img.travel.rakuten.co.jp/image/tr/api/hs/dQ4dX/?f_no=179196,3564,080-2156-8075,
オールステイ寿,https://img.travel.rakuten.co.jp/image/tr/api/hs/dQ4dX/?f_no=178524,1117,050-5275-0318,
ステラリゾート,https://img.travel.rakuten.co.jp/image/tr/api/hs/dQ4dX/?f_no=44353,1,098-863-1330,3.25
グレイス那覇,https://img.travel.rakuten.co.jp/image/tr/api/hs/dQ4dX/?f_no=51874,1200,098-863-2752,3.5
ＴＨＥ　ＫＩＴＣＨＥＮ　ＨＯＳＴＥＬ　ＡＯ　ザ　キッチンホステル　アオ,https://img.travel.rakuten.co.jp/image/tr/api/hs/dQ4dX/?f_no=183017,1680,098-863-8156,
Ｎｅｗ　Ｎｏｒｍａｌ　Ｃｏｎｄｏ　ｉｎ　ＮＡＨＡ　ＡＩＲＰＯＲＴ（ニューノーマルコンドイン那覇空港）,https://img.travel.rakuten.co.jp/image/tr/api/hs/dQ4dX/?f_no=183837,1500,098-988-0996,
ホテルアーバンシー１　前島,https://img.travel.rakuten.co.jp/image/tr/api/hs/dQ4dX/?f_no=168260,1870,098-917-5357,4
沖縄家庭料理の宿　なかはら,https://img.travel.rakuten.co.jp/image/tr/api/hs/dQ4dX/?f_no=28077,5600,098-887-7073,5
ＨＯＴＥＬ　ＣＯＺＹ　ＳＴＡＹ　ＩＮ　那覇曙,https://img.travel.rakuten.co.jp/image/tr/api/hs/dQ4dX/?f_no=168466,3250,098-988-1952,4.25
ゲストハウス　Ｓｅａ〜ＰａっＰａ（女性専用）,https://img.travel.rakuten.co.jp/image/tr/api/hs/dQ4dX/?f_no=49384,2250,098-863-4424,5
ホテルトーマス旭橋駅,https://img.travel.rakuten.co.jp/image/tr/api/hs/dQ4dX/?f_no=180630,2120,098-860-1717,5
Ｈｏｓｔｅｌ　沖縄　リトルアジア　Ｇｕｅｓｔ　Ｈｏｕｓｅ,https://img.travel.rakuten.co.jp/image/tr/api/hs/dQ4dX/?f_no=44183,1,098-862-3446,0
民宿　たつや旅館,https://img.travel.rakuten.co.jp/image/tr/api/hs/dQ4dX/?f_no=38434,1800,098-860-7422,5
ＰＩＮＥＡＰＰＬＥ　ＨＯＴＥＬ,https://img.travel.rakuten.co.jp/image/tr/api/hs/dQ4dX/?f_no=179097,2800,05031766454,5
ＬＥＳＴＥＬ　ＮＡＨＡ,https://img.travel.rakuten.co.jp/image/tr/api/hs/dQ4dX/?f_no=178159,1390,098-917-0314,
ミコノスリゾート　南風,https://img.travel.rakuten.co.jp/image/tr/api/hs/dQ4dX/?f_no=19991,1,098-863-1183,3
１泊８００円〜の宿　『ＣａｍＣａｍ沖縄』,https://img.travel.rakuten.co.jp/image/tr/api/hs/dQ4dX/?f_no=37506,800,098-863-0022,3
Ｃａｓａ　Ｌｅｏ　安里（カサレオ安里）,https://img.travel.rakuten.co.jp/image/tr/api/hs/dQ4dX/?f_no=182105,3000,090-1942-3539,
ホテル　よしだ,https://img.travel.rakuten.co.jp/image/tr/api/hs/dQ4dX/?f_no=18133,2980,098-868-0161,3
Ｍｒ．ＫＩＮＪＯ　ｉｎ　ＭＡＴＳＵＯ,https://img.travel.rakuten.co.jp/image/tr/api/hs/dQ4dX/?f_no=167690,1830,098-917-2067,5
シーサーのかくれ家,https://img.travel.rakuten.co.jp/image/tr/api/hs/dQ4dX/?f_no=166988,1100,09083881167,
Ｍｒ．ＫＩＮＪＯ　ｉｎ　Ａｒｃａｄｅ　ａｎｇｅ　ｍｉｏｎａ,https://img.travel.rakuten.co.jp/image/tr/api/hs/dQ4dX/?f_no=167932,2010,098-917-1580,0
Ｍｃｉｔｙ　ｉｎ　Ｍａｅｊｉｍａ,https://img.travel.rakuten.co.jp/image/tr/api/hs/dQ4dX/?f_no=182112,1610,03-4405-2361,
グッド　アパート,https://img.travel.rakuten.co.jp/image/tr/api/hs/dQ4dX/?f_no=181503,1433,03-4405-2361,
波之上ビーチホテル,https://img.travel.rakuten.co.jp/image/tr/api/hs/dQ4dX/?f_no=172318,2750,098-975-9905,
Ｓｉｍｐｌｅ　Ｓｔａｙ　Ｍａｋｉｓｈｉ,https://img.travel.rakuten.co.jp/image/tr/api/hs/dQ4dX/?f_no=177722,900,090-8388-1167,2
ＣｌｅａｎＨｏｔｅｌｓ　ｉｎ　Ｈｉｇａｓｈｉｍａｃｈｉ　Ａｎｎｅｘ,https://img.travel.rakuten.co.jp/image/tr/api/hs/dQ4dX/?f_no=182468,2740,098-917-2760,
Ｍｃｉｔｙ　ｉｎ　ＷＡＫＡＳＡ,https://img.travel.rakuten.co.jp/image/tr/api/hs/dQ4dX/?f_no=182113,1445,03-4405-2361,
ＳＹシリーズ壺屋,https://img.travel.rakuten.co.jp/image/tr/api/hs/dQ4dX/?f_no=177754,,080-8362-1407,
民宿　みーふぁいゆー,https://img.travel.rakuten.co.jp/image/tr/api/hs/dQ4dX/?f_no=135928,1000,098-988-0888,5
ＣｌｅａｎＨｏｔｅｌｓ　ｉｎ　Ｈｉｇａｓｈｉｍａｃｈｉ,https://img.travel.rakuten.co.jp/image/tr/api/hs/dQ4dX/?f_no=182467,2490,098-894-8798,
沖縄伝統体験型宿　じんじん,https://img.travel.rakuten.co.jp/image/tr/api/hs/dQ4dX/?f_no=182570,2000,098-989-7617,
ネストホテル那覇久茂地,https://img.travel.rakuten.co.jp/image/tr/api/hs/dQ4dX/?f_no=182439,,098-975-7385,4.48
Ｍｒ．ＫＩＮＪＯｉｎＣｏｌｏｒ′ｚＣｉｉｚｉ,https://img.travel.rakuten.co.jp/image/tr/api/hs/dQ4dX/?f_no=176603,1650,098-917-1571,3
アパホテル＜那覇＞,https://img.travel.rakuten.co.jp/image/tr/api/hs/dQ4dX/?f_no=67292,,098-868-9111,3.63
ゲストハウス　テラス坂下,https://img.travel.rakuten.co.jp/image/tr/api/hs/dQ4dX/?f_no=178666,1520,080-6480-9925,
ｉ　ｈｏｍｅ　Ｔｓｕｂｏｇａｗａ【Ｖａｃａｔｉｏｎ　ＳＴＡＹ提供】,https://img.travel.rakuten.co.jp/image/tr/api/hs/dQ4dX/?f_no=173727,2128,050-5444-6620,
Ｌａ　Ｌｕｍｉｅｒｅ　Ｏｒｏｋｕ【Ｖａｃａｔｉｏｎ　ＳＴＡＹ提供】,https://img.travel.rakuten.co.jp/image/tr/api/hs/dQ4dX/?f_no=173295,2520,050-5444-6620,
民宿やすらぎ　＜沖縄県＞,https://img.travel.rakuten.co.jp/image/tr/api/hs/dQ4dX/?f_no=160941,900,098-863-7142,0
ゲストハウス　ＢＡＳＥ　ＯＫＩＮＡＷＡ,https://img.travel.rakuten.co.jp/image/tr/api/hs/dQ4dX/?f_no=69365,1500,098-868-2968,0
ＨＯＴＥＬ　ＭＥＲＣＩＥＬ　ＴＳＵＪＩ,https://img.travel.rakuten.co.jp/image/tr/api/hs/dQ4dX/?f_no=166106,1600,098-894-8571,4
スマイルホテル那覇シティリゾート,https://img.travel.rakuten.co.jp/image/tr/api/hs/dQ4dX/?f_no=151274,,098-869-2511,4.07
沖縄の宿　あじまぁ,https://img.travel.rakuten.co.jp/image/tr/api/hs/dQ4dX/?f_no=54214,1100,098-975-9851,0
ＮＡＨＡ　ＡＳＡＨＩ　ＨＯＵＳＥ,https://img.travel.rakuten.co.jp/image/tr/api/hs/dQ4dX/?f_no=181502,1433,03-4405-2361,
グランスイート新都心,https://img.travel.rakuten.co.jp/image/tr/api/hs/dQ4dX/?f_no=181743,1490,070-8374-8530,
民宿グリーンハウス＜沖縄県＞,https://img.travel.rakuten.co.jp/image/tr/api/hs/dQ4dX/?f_no=28056,1500,098-868-9449,2.5
Ｖｉｌｌａ　Ｕｋｉｓｈｉｍａ,https://img.travel.rakuten.co.jp/image/tr/api/hs/dQ4dX/?f_no=179868,1500,090-8388-1167,
ホテル・アンドルームス那覇ポート（２０２２年６月１日ＯＰＥＮ）,https://img.travel.rakuten.co.jp/image/tr/api/hs/dQ4dX/?f_no=183747,1500,098-861-8111,
安里テラス,https://img.travel.rakuten.co.jp/image/tr/api/hs/dQ4dX/?f_no=179087,1563,03-6822-3598,
ホテルリビングイン那覇港前,https://img.travel.rakuten.co.jp/image/tr/api/hs/dQ4dX/?f_no=183960,1600,098-943-1339,
ビレッジまつお２０１,https://img.travel.rakuten.co.jp/image/tr/api/hs/dQ4dX/?f_no=181232,1700,050-5534-5255,
Ｍｒ．ＫＩＮＪＯ　Ｃｏｌｏｒ’ｚ　Ｋｕｎｉｎｄａ,https://img.travel.rakuten.co.jp/image/tr/api/hs/dQ4dX/?f_no=177756,1800,098-917-6272,
ＢｉＢｉ　Ｈｏｔｅｌ　波之上,https://img.travel.rakuten.co.jp/image/tr/api/hs/dQ4dX/?f_no=184144,1825,098-988-9215,
ホテルアーバンシー２　松尾,https://img.travel.rakuten.co.jp/image/tr/api/hs/dQ4dX/?f_no=176932,1870,098-917-5357,
美らガーナハウス壷川,https://img.travel.rakuten.co.jp/image/tr/api/hs/dQ4dX/?f_no=161079,1995,098-855-6061,3
ゲストハウス　いちゃりばちょーでー,https://img.travel.rakuten.co.jp/image/tr/api/hs/dQ4dX/?f_no=165009,2000,098-943-0774,
アベストＣＵＢＥ那覇国際通り,https://img.travel.rakuten.co.jp/image/tr/api/hs/dQ4dX/?f_no=158644,2300,098-861-9900,4.67
ＫＹアパートメント,https://img.travel.rakuten.co.jp/image/tr/api/hs/dQ4dX/?f_no=166471,2360,098-855-6061,
龍球,https://img.travel.rakuten.co.jp/image/tr/api/hs/dQ4dX/?f_no=167968,2460,080-6483-9577,
Ｓｏｕｔｈｅｒｌｉｅｓ久茂地,https://img.travel.rakuten.co.jp/image/tr/api/hs/dQ4dX/?f_no=181539,2500,070-1369-1334,
メゾン津波,https://img.travel.rakuten.co.jp/image/tr/api/hs/dQ4dX/?f_no=181552,2563,070-1369-1334,
Ｌｅ　Ｓｏｌｅｉｌ　Ａｓａｔｏ【Ｖａｃａｔｉｏｎ　ＳＴＡＹ提供】,https://img.travel.rakuten.co.jp/image/tr/api/hs/dQ4dX/?f_no=170443,2614,050-5444-6620,
ウエストヴィラ,https://img.travel.rakuten.co.jp/image/tr/api/hs/dQ4dX/?f_no=178301,2679,098-894-3597,
ＲＹＵＫＡ　ＨＯＴＥＬ　ＮＡＨＡ（琉華ホテル那覇）,https://img.travel.rakuten.co.jp/image/tr/api/hs/dQ4dX/?f_no=168244,2750,098-894-8865,5
Ｇｏｏｄ　Ｌｉｆｅ　Ａｐａｒｔｍｅｎｔ,https://img.travel.rakuten.co.jp/image/tr/api/hs/dQ4dX/?f_no=183606,2750,06-4394-7222,
那覇ハレアカラヒガ　一軒家まるごと貸し出し　駐車場有　駅近【Ｖａｃａｔｉｏｎ　ＳＴＡＹ提供】,https://img.travel.rakuten.co.jp/image/tr/api/hs/dQ4dX/?f_no=170167,2868,050-5444-6620,
ゲストハウス　ＦＵＫＵＴＯＭＩ,https://img.travel.rakuten.co.jp/image/tr/api/hs/dQ4dX/?f_no=141899,2900,098-861-8896,0
那覇中心街まで徒歩圏内、空港近く、モノレール駅近く【Ｖａｃａｔｉｏｎ　ＳＴＡＹ提供】,https://img.travel.rakuten.co.jp/image/tr/api/hs/dQ4dX/?f_no=169038,3159,050-5444-6620,
ヴィラコースト　西町【Ｖａｃａｔｉｏｎ　ＳＴＡＹ提供】,https://img.travel.rakuten.co.jp/image/tr/api/hs/dQ4dX/?f_no=169975,3192,050-5444-6620,
レーヴＫ２０１【Ｖａｃａｔｉｏｎ　ＳＴＡＹ提供】,https://img.travel.rakuten.co.jp/image/tr/api/hs/dQ4dX/?f_no=170702,3226,050-5444-6620,
空港から車で８分。駐車場無料でシンプル快適リラックス空間ＯＫＩＮＡ【Ｖａｃａｔｉｏｎ　ＳＴＡＹ提供】,https://img.travel.rakuten.co.jp/image/tr/api/hs/dQ4dX/?f_no=171126,3316,050-5444-6620,
Ｂ＆Ｂ　４　Ｒｏｏｍｓ,https://img.travel.rakuten.co.jp/image/tr/api/hs/dQ4dX/?f_no=148985,3350,098-988-0251,0
ホテルフロムオキナワ【Ｖａｃａｔｉｏｎ　ＳＴＡＹ提供】,https://img.travel.rakuten.co.jp/image/tr/api/hs/dQ4dX/?f_no=171361,3360,050-5444-6620,
〜ＡＫＥＢＯＮＯ５－Ａ〜　国際通り＆　空港まで車で１０分♪【Ｖａｃａｔｉｏｎ　ＳＴＡＹ提供】,https://img.travel.rakuten.co.jp/image/tr/api/hs/dQ4dX/?f_no=175748,3360,050-5444-6620,
Ｔｈｅ　Ｇｕｅｓｔ　Ｈｏｕｓｅ　Ｎｏａｈ【Ｖａｃａｔｉｏｎ　ＳＴＡＹ提供】,https://img.travel.rakuten.co.jp/image/tr/api/hs/dQ4dX/?f_no=170725,3444,050-5444-6620,
カモミール西町【Ｖａｃａｔｉｏｎ　ＳＴＡＹ提供】,https://img.travel.rakuten.co.jp/image/tr/api/hs/dQ4dX/?f_no=170576,3461,050-5444-6620,
パラダイスイン安里＿国際通り徒歩１分【Ｖａｃａｔｉｏｎ　ＳＴＡＹ提供】,https://img.travel.rakuten.co.jp/image/tr/api/hs/dQ4dX/?f_no=175828,3500,050-5444-6620,
〜ＡＫＥＢＯＮＯ５－Ｂ〜　国際通り＆　空港まで車で１０分♪【Ｖａｃａｔｉｏｎ　ＳＴＡＹ提供】,https://img.travel.rakuten.co.jp/image/tr/api/hs/dQ4dX/?f_no=175750,3547,050-5444-6620,
〜ＡＫＥＢＯＮＯ５－Ｃ〜　国際通り＆　空港まで車で１０分♪【Ｖａｃａｔｉｏｎ　ＳＴＡＹ提供】,https://img.travel.rakuten.co.jp/image/tr/api/hs/dQ4dX/?f_no=175751,3547,050-5444-6620,
Ｐａｒａｄｉｓｅ　Ｉｎ＃１階＿国際通り２分【Ｖａｃａｔｉｏｎ　ＳＴＡＹ提供】,https://img.travel.rakuten.co.jp/image/tr/api/hs/dQ4dX/?f_no=175440,3584,050-5444-6620,
Ｐａｒａｄｉｓｅ　Ｉｎ＃２階＿国際通り２分【Ｖａｃａｔｉｏｎ　ＳＴＡＹ提供】,https://img.travel.rakuten.co.jp/image/tr/api/hs/dQ4dX/?f_no=175441,3584,050-5444-6620,
Ｐａｒａｄｉｓｅ　Ｉｎ＃３階＿国際通り２分【Ｖａｃａｔｉｏｎ　ＳＴＡＹ提供】,https://img.travel.rakuten.co.jp/image/tr/api/hs/dQ4dX/?f_no=175442,3584,050-5444-6620,
東横イン那覇旭橋駅前,https://img.travel.rakuten.co.jp/image/tr/api/hs/dQ4dX/?f_no=52641,3800,098-951-1045,0
波の上クリスタルホテル,https://img.travel.rakuten.co.jp/image/tr/api/hs/dQ4dX/?f_no=179329,3800,098-868-4190,
５－Ｄ　１０ｍｉｎｕｔｅｓ　ｂｙ　ｃａｒ　ｆｒｏｍ　　Ａｉｒｐｏｒ【Ｖａｃａｔｉｏｎ　ＳＴＡＹ提供】,https://img.travel.rakuten.co.jp/image/tr/api/hs/dQ4dX/?f_no=175753,3846,050-5444-6620,
Ｇｏｏｄ　Ｌｉｆｅ　Ａｐａｒｔｍｅｎｔ【Ｖａｃａｔｉｏｎ　ＳＴＡＹ提供】,https://img.travel.rakuten.co.jp/image/tr/api/hs/dQ4dX/?f_no=169632,3920,050-5444-6620,
ホテルアーバンシー３牧志,https://img.travel.rakuten.co.jp/image/tr/api/hs/dQ4dX/?f_no=179082,3993,098-917-5357,
ルソレイル樋川【Ｖａｃａｔｉｏｎ　ＳＴＡＹ提供】,https://img.travel.rakuten.co.jp/image/tr/api/hs/dQ4dX/?f_no=169535,4032,050-5444-6620,
スマイルハイツ【Ｖａｃａｔｉｏｎ　ＳＴＡＹ提供】,https://img.travel.rakuten.co.jp/image/tr/api/hs/dQ4dX/?f_no=171040,4200,050-5444-6620,
サカエール＊ニライカナイ／民泊【Ｖａｃａｔｉｏｎ　ＳＴＡＹ提供】,https://img.travel.rakuten.co.jp/image/tr/api/hs/dQ4dX/?f_no=173275,4256,050-5444-6620,
松山葦原ビル２０１号【Ｖａｃａｔｉｏｎ　ＳＴＡＹ提供】,https://img.travel.rakuten.co.jp/image/tr/api/hs/dQ4dX/?f_no=170850,4382,050-5444-6620,
ＦＩＲＳＴ　ＳＴＲＥＥＴ　沖縄　国際通りテラス,https://img.travel.rakuten.co.jp/image/tr/api/hs/dQ4dX/?f_no=151184,4500,09068678230,
マラカイト泉崎,https://img.travel.rakuten.co.jp/image/tr/api/hs/dQ4dX/?f_no=181551,4560,070-1369-1334,
Ｅｘｓａｉｓｏｎ久茂地【Ｖａｃａｔｉｏｎ　ＳＴＡＹ提供】,https://img.travel.rakuten.co.jp/image/tr/api/hs/dQ4dX/?f_no=169747,4630,050-5444-6620,
ゆかるひ前島４Ｆ【Ｖａｃａｔｉｏｎ　ＳＴＡＹ提供】,https://img.travel.rakuten.co.jp/image/tr/api/hs/dQ4dX/?f_no=170894,4648,050-5444-6620,
Ｍａｃｃｉ　ｇｕｗａｔｔｉ【Ｖａｃａｔｉｏｎ　ＳＴＡＹ提供】,https://img.travel.rakuten.co.jp/image/tr/api/hs/dQ4dX/?f_no=171196,5264,050-5444-6620,
Ｎｅｗ　ｏｐｅｎ　＊＊ＩＮＦＩＮＩＴＹ　ＨＯＴＥＬ　ＡＪＹＡ　　＊【Ｖａｃａｔｉｏｎ　ＳＴＡＹ提供】,https://img.travel.rakuten.co.jp/image/tr/api/hs/dQ4dX/?f_no=175723,5847,050-5444-6620,
だるまマンション４０１【Ｖａｃａｔｉｏｎ　ＳＴＡＹ提供】,https://img.travel.rakuten.co.jp/image/tr/api/hs/dQ4dX/?f_no=171219,6132,050-5444-6620,
ＯＮ　ＴＨＥ　ＳＡＭＥ　ＨＯＴＥＬ,https://img.travel.rakuten.co.jp/image/tr/api/hs/dQ4dX/?f_no=179464,6500,080-5115-3625,
壷川２Ｆ／民泊【Ｖａｃａｔｉｏｎ　ＳＴＡＹ提供】,https://img.travel.rakuten.co.jp/image/tr/api/hs/dQ4dX/?f_no=175882,6586,050-5444-6620,
Ａｋｅｂｏｎｏ　Ｈｏｕｓｅ,https://img.travel.rakuten.co.jp/image/tr/api/hs/dQ4dX/?f_no=181822,7200,050-1180-4542,
那覇ラグーンホテルＩ,https://img.travel.rakuten.co.jp/image/tr/api/hs/dQ4dX/?f_no=166487,7500,098-863-6999,
コーラルゲートイン久米,https://img.travel.rakuten.co.jp/image/tr/api/hs/dQ4dX/?f_no=176788,8000,098-923-5555,
ＰＡＲＡＤＩＳＥ　ＩＮ＿国際通り徒歩２分【Ｖａｃａｔｉｏｎ　ＳＴＡＹ提供】,https://img.travel.rakuten.co.jp/image/tr/api/hs/dQ4dX/?f_no=175423,8064,050-5444-6620,
ＨＯＴＥＬ　ＩＮＦＮＩＴＹ【Ｖａｃａｔｉｏｎ　ＳＴＡＹ提供】,https://img.travel.rakuten.co.jp/image/tr/api/hs/dQ4dX/?f_no=174831,8176,050-5444-6620,
住みんちゅハウス出会（いちゃりば）,https://img.travel.rakuten.co.jp/image/tr/api/hs/dQ4dX/?f_no=167072,8750,098-860-1700,
Ｈｏｔｅｌ　２０２０,https://img.travel.rakuten.co.jp/image/tr/api/hs/dQ4dX/?f_no=183024,9000,098-923-5555,
沖縄那覇！国際通りまで車で７分★１２名宿泊ＯＫ！【Ｖａｃａｔｉｏｎ　ＳＴＡＹ提供】,https://img.travel.rakuten.co.jp/image/tr/api/hs/dQ4dX/?f_no=173656,9184,050-5444-6620,
若狭の家【Ｖａｃａｔｉｏｎ　ＳＴＡＹ提供】,https://img.travel.rakuten.co.jp/image/tr/api/hs/dQ4dX/?f_no=171089,9335,050-5444-6620,
ゆくれば前島ホテル,https://img.travel.rakuten.co.jp/image/tr/api/hs/dQ4dX/?f_no=183089,13000,098-917-4908,
Ｍ’ｓリゾート久茂地＠ＬｉＢ　ＰＬＵＳ,https://img.travel.rakuten.co.jp/image/tr/api/hs/dQ4dX/?f_no=178373,16000,090-3264-0065,
Ａｓ　ＢＬＤ,https://img.travel.rakuten.co.jp/image/tr/api/hs/dQ4dX/?f_no=181426,19000,050-5212-7664,
ＡＳ＿ＢＬＤＧ　Ｄｏｗｎｔｏｗｎ　Ｍｅｔｒｏ　ＮＡＨＡ【Ｖａｃａｔｉｏｎ　ＳＴＡＹ提供】,https://img.travel.rakuten.co.jp/image/tr/api/hs/dQ4dX/?f_no=173637,20160,050-5444-6620,
コンドミニアムＨｏｔｅｌおもろまち,https://img.travel.rakuten.co.jp/image/tr/api/hs/dQ4dX/?f_no=173062,23000,080-3541-8712,
さくらや国際通り,https://img.travel.rakuten.co.jp/image/tr/api/hs/dQ4dX/?f_no=179822,26500,090-9078-1990,
とまりんハウス,https://img.travel.rakuten.co.jp/image/tr/api/hs/dQ4dX/?f_no=182045,42000,050-3749-6060,
ホテルピースランド,https://img.travel.rakuten.co.jp/image/tr/api/hs/dQ4dX/?f_no=1396,,098-868-1212,4
ホテル　トランス　オーシャン,https://img.travel.rakuten.co.jp/image/tr/api/hs/dQ4dX/?f_no=9457,,098-866-8109,5
照美荘,https://img.travel.rakuten.co.jp/image/tr/api/hs/dQ4dX/?f_no=19349,,098-867-3616,0
旅館　新恵荘,https://img.travel.rakuten.co.jp/image/tr/api/hs/dQ4dX/?f_no=28076,,098-866-1825,0
ビジネスホテル三和莊,https://img.travel.rakuten.co.jp/image/tr/api/hs/dQ4dX/?f_no=28458,,098-867-8689,0
ピースリーイン新都心,https://img.travel.rakuten.co.jp/image/tr/api/hs/dQ4dX/?f_no=39229,,098-869-2113,0
ゲストハウス　柏屋,https://img.travel.rakuten.co.jp/image/tr/api/hs/dQ4dX/?f_no=40451,,098-869-8833,0
ソルヴィータホテル那覇,https://img.travel.rakuten.co.jp/image/tr/api/hs/dQ4dX/?f_no=43753,,098-863-1234,4.67
ホテルナハ港,https://img.travel.rakuten.co.jp/image/tr/api/hs/dQ4dX/?f_no=44084,,098-868-2673,
シティーフロント春海ユースホステル,https://img.travel.rakuten.co.jp/image/tr/api/hs/dQ4dX/?f_no=67209,,098-867-3218,0
美ら海　（女性専用）,https://img.travel.rakuten.co.jp/image/tr/api/hs/dQ4dX/?f_no=67382,,098-866-6593,0
沖縄の宿　あんどん（松尾館）,https://img.travel.rakuten.co.jp/image/tr/api/hs/dQ4dX/?f_no=68058,,098-861-2778,4
リバーサイド旭橋,https://img.travel.rakuten.co.jp/image/tr/api/hs/dQ4dX/?f_no=72700,,098-835-1818,
ホテル　ホワイトビーチ,https://img.travel.rakuten.co.jp/image/tr/api/hs/dQ4dX/?f_no=72731,,098-979-9222,0
沖縄かりゆしアーバンリゾート・ナハ,https://img.travel.rakuten.co.jp/image/tr/api/hs/dQ4dX/?f_no=79375,,098-860-2111,4.52
おきなわトレンドナビ,https://img.travel.rakuten.co.jp/image/tr/api/hs/dQ4dX/?f_no=106152,,098-861-7222,0
Ａｎ庵げすとｉｎｎ,https://img.travel.rakuten.co.jp/image/tr/api/hs/dQ4dX/?f_no=109175,,098-862-2446,0
Ｓｈｅｌｌ　Ｈｏｕｓｅ,https://img.travel.rakuten.co.jp/image/tr/api/hs/dQ4dX/?f_no=129398,,098-864-0144,0
ビジネスホテルうえず荘,https://img.travel.rakuten.co.jp/image/tr/api/hs/dQ4dX/?f_no=129565,,098-887-0323,
ＣＬＡＳＳ　ＩＮＮ　那覇新都心,https://img.travel.rakuten.co.jp/image/tr/api/hs/dQ4dX/?f_no=141894,,098-864-1810,0
ＣＬＡＳＳＩＮＮ　おもろまち駅前,https://img.travel.rakuten.co.jp/image/tr/api/hs/dQ4dX/?f_no=147527,,098-884-1155,0
ホテルリゾネックス那覇,https://img.travel.rakuten.co.jp/image/tr/api/hs/dQ4dX/?f_no=147530,,098-862-7733,0
沖縄国際ユースホステル,https://img.travel.rakuten.co.jp/image/tr/api/hs/dQ4dX/?f_no=148960,,098-857-0073,0
Ｍｒ．ｋｉｎｊｏ　ｉｎ　ｕｅｎｏｋｕｒａ,https://img.travel.rakuten.co.jp/image/tr/api/hs/dQ4dX/?f_no=149065,,098-867-6641,0
Ｍｒ．ＫＩＮＪＯ　Ｅｍｉｎｅｎｃｅ　ｉｎｎ　Ｍａｅｊｉｍａ,https://img.travel.rakuten.co.jp/image/tr/api/hs/dQ4dX/?f_no=149318,,098-943-9627,3
ＧＵＥＳＴＨＯＵＳＥ　ＫＡＬＡ,https://img.travel.rakuten.co.jp/image/tr/api/hs/dQ4dX/?f_no=151408,,098-927-5709,
ゲストハウスＫＡＩＮＡＮ,https://img.travel.rakuten.co.jp/image/tr/api/hs/dQ4dX/?f_no=153140,,098-836-4444,0
ビクトリアホテル,https://img.travel.rakuten.co.jp/image/tr/api/hs/dQ4dX/?f_no=153305,,098-868-0701,5
ＫＡＲＩＹＵＳＨＩ　ＬＣＨ．　ＰＲＥＭＩＵＭ,https://img.travel.rakuten.co.jp/image/tr/api/hs/dQ4dX/?f_no=153318,,098-863-7900,0
Ｍｒ．ＫＩＮＪＯ　ｉｎ　ＫＵＭＥ,https://img.travel.rakuten.co.jp/image/tr/api/hs/dQ4dX/?f_no=153519,,098-917-6351,3.33
ＯＮＥ　ＳＴＹＬＥ,https://img.travel.rakuten.co.jp/image/tr/api/hs/dQ4dX/?f_no=153520,,098-951-0345,0
Ｍｒ．ＫＩＮＪＯ　ｉｎ　松山,https://img.travel.rakuten.co.jp/image/tr/api/hs/dQ4dX/?f_no=158674,,098-917-2035,0
ＣＬＡＳＳＩＮＮ　与儀,https://img.travel.rakuten.co.jp/image/tr/api/hs/dQ4dX/?f_no=158705,,098-996-4110,0
ＭａｘｉＡＬＰＡ　マキシーアルパ（マキシアルパ）,https://img.travel.rakuten.co.jp/image/tr/api/hs/dQ4dX/?f_no=160652,,098-917-0300,3.4
カプセルドミトリーオリオン,https://img.travel.rakuten.co.jp/image/tr/api/hs/dQ4dX/?f_no=161147,,080-6096-0096,
Ｔｈｅ　ＬＡＮＡＩ　ＨＯＳＴＥＬ　ラナイ　ホステル,https://img.travel.rakuten.co.jp/image/tr/api/hs/dQ4dX/?f_no=162823,,098-894-8960,1
カラテメイト琉球,https://img.travel.rakuten.co.jp/image/tr/api/hs/dQ4dX/?f_no=165997,,098-917-2372,
イトミンＹＯＵホーム,https://img.travel.rakuten.co.jp/image/tr/api/hs/dQ4dX/?f_no=166022,,098-886-8946,
わらゆんＳＯ　松武の古民家,https://img.travel.rakuten.co.jp/image/tr/api/hs/dQ4dX/?f_no=166899,,080-3982-2071,
Ｖｉｌｌａ　Ｂｉａｎｃｏ,https://img.travel.rakuten.co.jp/image/tr/api/hs/dQ4dX/?f_no=167103,,075-746-3987,
Ｍｒ．ＫＩＮＪＯｉｎＡＳＡＴＯ,https://img.travel.rakuten.co.jp/image/tr/api/hs/dQ4dX/?f_no=167205,,098-943-6276,0
住みんちゅホテル前島,https://img.travel.rakuten.co.jp/image/tr/api/hs/dQ4dX/?f_no=167340,,098-923-5555,
ｍａｒｕ,https://img.travel.rakuten.co.jp/image/tr/api/hs/dQ4dX/?f_no=167740,,098-917-2808,
ゲストハウスＹＵＴＡＫＡ,https://img.travel.rakuten.co.jp/image/tr/api/hs/dQ4dX/?f_no=167784,,098-975-5210,0
Ｏｋｉｎａｗａ　Ｇｕｅｓｔ　Ｈｏｕｓｅ　Ｃｈａｎｐｕｒｕ,https://img.travel.rakuten.co.jp/image/tr/api/hs/dQ4dX/?f_no=167996,,098-862-9287,
ＴＲＩＰ　ＳＰＯＴ　７７４,https://img.travel.rakuten.co.jp/image/tr/api/hs/dQ4dX/?f_no=168642,,098-943-5191,4.5
前島ビル３Ａ／民泊【Ｖａｃａｔｉｏｎ　ＳＴＡＹ提供】,https://img.travel.rakuten.co.jp/image/tr/api/hs/dQ4dX/?f_no=168954,,050-5444-6620,
ロベルト商事那覇前島ビル２Ｂ／民泊【Ｖａｃａｔｉｏｎ　ＳＴＡＹ提供】,https://img.travel.rakuten.co.jp/image/tr/api/hs/dQ4dX/?f_no=168991,,050-5444-6620,
ロベルト商事那覇前島ビル２Ａ／民泊【Ｖａｃａｔｉｏｎ　ＳＴＡＹ提供】,https://img.travel.rakuten.co.jp/image/tr/api/hs/dQ4dX/?f_no=168992,,050-5444-6620,
ロベルト商事那覇前島ビル２Ｃ／民泊【Ｖａｃａｔｉｏｎ　ＳＴＡＹ提供】,https://img.travel.rakuten.co.jp/image/tr/api/hs/dQ4dX/?f_no=168993,,050-5444-6620,
松山葦原ビル２０１号室／民泊【Ｖａｃａｔｉｏｎ　ＳＴＡＹ提供】,https://img.travel.rakuten.co.jp/image/tr/api/hs/dQ4dX/?f_no=168994,,050-5444-6620,
シャトーティーダ那覇【Ｖａｃａｔｉｏｎ　ＳＴＡＹ提供】,https://img.travel.rakuten.co.jp/image/tr/api/hs/dQ4dX/?f_no=169699,,050-5444-6620,
メイスン倶楽部【Ｖａｃａｔｉｏｎ　ＳＴＡＹ提供】,https://img.travel.rakuten.co.jp/image/tr/api/hs/dQ4dX/?f_no=170194,,050-5444-6620,
Ｋｕｍｏｊｉ　Ｈｏｕｓｅ【Ｖａｃａｔｉｏｎ　ＳＴＡＹ提供】,https://img.travel.rakuten.co.jp/image/tr/api/hs/dQ4dX/?f_no=170376,,050-5444-6620,
Ｍ　ｈｏｍｅ【Ｖａｃａｔｉｏｎ　ＳＴＡＹ提供】,https://img.travel.rakuten.co.jp/image/tr/api/hs/dQ4dX/?f_no=170377,,050-5444-6620,
Ｄｕｐｌｅｘ牧志,https://img.travel.rakuten.co.jp/image/tr/api/hs/dQ4dX/?f_no=172028,,050-5435-2661,
松山Ｓｔａｙ,https://img.travel.rakuten.co.jp/image/tr/api/hs/dQ4dX/?f_no=172719,,098-851-4343,
Ｍｉｚｕ　Ｈｏｕｓｅ　壷川,https://img.travel.rakuten.co.jp/image/tr/api/hs/dQ4dX/?f_no=173140,,098-996-2078,
Ｐｒｏｕｄ　Ｍａｋｉｓｈｉ【Ｖａｃａｔｉｏｎ　ＳＴＡＹ提供】,https://img.travel.rakuten.co.jp/image/tr/api/hs/dQ4dX/?f_no=173419,,050-5444-6620,
Ｏｒｉｏｎ　Ｈｏｕｓｅ　ｉｎ　Ｎａｈａ【Ｖａｃａｔｉｏｎ　ＳＴＡＹ提供】,https://img.travel.rakuten.co.jp/image/tr/api/hs/dQ4dX/?f_no=173525,,050-5444-6620,
Ｔｓｕｂｏｇａｗａ　４Ｆ【Ｖａｃａｔｉｏｎ　ＳＴＡＹ提供】,https://img.travel.rakuten.co.jp/image/tr/api/hs/dQ4dX/?f_no=173694,,050-5444-6620,
Ｓｏｕｔｈｅｒｌｉｅｓ　Ｃｏｎｄｏｍｉｎｉｕｍ【Ｖａｃａｔｉｏｎ　ＳＴＡＹ提供】,https://img.travel.rakuten.co.jp/image/tr/api/hs/dQ4dX/?f_no=173887,,050-5444-6620,
ブレオマンスリー波の上うみそら公園前／民泊【Ｖａｃａｔｉｏｎ　ＳＴＡＹ提供】,https://img.travel.rakuten.co.jp/image/tr/api/hs/dQ4dX/?f_no=174457,,050-5444-6620,
Ｔｓｕｂｏｇａｗａ　３Ｆ【Ｖａｃａｔｉｏｎ　ＳＴＡＹ提供】,https://img.travel.rakuten.co.jp/image/tr/api/hs/dQ4dX/?f_no=174571,,050-5444-6620,
２階建て１軒家（最寄駅徒歩８分）【Ｖａｃａｔｉｏｎ　ＳＴＡＹ提供】,https://img.travel.rakuten.co.jp/image/tr/api/hs/dQ4dX/?f_no=174772,,050-5444-6620,
レジデンス松尾／民泊【Ｖａｃａｔｉｏｎ　ＳＴＡＹ提供】,https://img.travel.rakuten.co.jp/image/tr/api/hs/dQ4dX/?f_no=175119,,050-5444-6620,
ライブリー久茂地／民泊【Ｖａｃａｔｉｏｎ　ＳＴＡＹ提供】,https://img.travel.rakuten.co.jp/image/tr/api/hs/dQ4dX/?f_no=175131,,050-5444-6620,
ホテルトーマス牧志【Ｖａｃａｔｉｏｎ　ＳＴＡＹ提供】,https://img.travel.rakuten.co.jp/image/tr/api/hs/dQ4dX/?f_no=175416,,050-5444-6620,
４ＬＤＫ　国際通り、牧志駅徒歩２分　駐車場二台無料デザイナーハウス【Ｖａｃａｔｉｏｎ　ＳＴＡＹ提供】,https://img.travel.rakuten.co.jp/image/tr/api/hs/dQ4dX/?f_no=175667,,050-5444-6620,
Ｆｕｒｕｊｉｍａ　Ｈｏｕｓｅ【Ｖａｃａｔｉｏｎ　ＳＴＡＹ提供】,https://img.travel.rakuten.co.jp/image/tr/api/hs/dQ4dX/?f_no=175681,,050-5444-6620,
Ｎｅｗ　ｏｐｅｎ＊＊ＲＮＴ＊＊　国際通り近く♪那覇中心エリア♪ファ【Ｖａｃａｔｉｏｎ　ＳＴＡＹ提供】,https://img.travel.rakuten.co.jp/image/tr/api/hs/dQ4dX/?f_no=175760,,050-5444-6620,
Ｎｕｅｓｔｒａ　Ｃａｓａ　Ｋｕｍｏｊｉ【Ｖａｃａｔｉｏｎ　ＳＴＡＹ提供】,https://img.travel.rakuten.co.jp/image/tr/api/hs/dQ4dX/?f_no=176178,,050-5444-6620,
Ｍｒ．ＫＩＮＪＯｉｎスマフルＳｋｙＨａｒｂｏｒ,https://img.travel.rakuten.co.jp/image/tr/api/hs/dQ4dX/?f_no=176604,,098-851-5316,4.29
Ａｎｅｌａ　Ｒｅｓｏｒｔ　沖縄国際通り,https://img.travel.rakuten.co.jp/image/tr/api/hs/dQ4dX/?f_no=177597,,03-6822-3598,
ナムラ　アクシス,https://img.travel.rakuten.co.jp/image/tr/api/hs/dQ4dX/?f_no=177617,,098-868-6935,
ホテルクオーレ国際通り那覇,https://img.travel.rakuten.co.jp/image/tr/api/hs/dQ4dX/?f_no=177720,,090-6862-7054,
ベイサイド泊（Ｂａｙｓｉｄｅ　ＴＯＭＡＲＩ）,https://img.travel.rakuten.co.jp/image/tr/api/hs/dQ4dX/?f_no=177800,,098-865-5489,
Ｍｒ．ＫＩＮＪＯｉｎＮＡＭＩＮＯＵＥ,https://img.travel.rakuten.co.jp/image/tr/api/hs/dQ4dX/?f_no=177933,,098-917-0516,3.33
ＭＩＥＢＡＳＨＩ　ＩＮＮ　国際通り,https://img.travel.rakuten.co.jp/image/tr/api/hs/dQ4dX/?f_no=179070,,050-3555-6534,
Ｍｒ．ＫＩＮＪＯ　ｉｎ　Ｎａｈａｋｉｔａ,https://img.travel.rakuten.co.jp/image/tr/api/hs/dQ4dX/?f_no=179106,,098-894-8645,
Ｔｒｏｐｉｃａｌ　Ｉｎｎ,https://img.travel.rakuten.co.jp/image/tr/api/hs/dQ4dX/?f_no=179224,,080-3984-5344,
くくるハウス,https://img.travel.rakuten.co.jp/image/tr/api/hs/dQ4dX/?f_no=179330,,0988757780,
古民家お宿　ななつぼし,https://img.travel.rakuten.co.jp/image/tr/api/hs/dQ4dX/?f_no=179401,,090-1122-7250,
安里（Ａｓａｔｏ）,https://img.travel.rakuten.co.jp/image/tr/api/hs/dQ4dX/?f_no=179575,,070-4474-0102,
Ｍｒ．ＫＩＮＪＯ　ｉｎ　ＭＡＴＳＵＹＡＭＡＮＮＡ,https://img.travel.rakuten.co.jp/image/tr/api/hs/dQ4dX/?f_no=179873,,098-894-8506,3.4
Ｓｕｎｒｉｓｅ　Ｖｉｅｗ　那覇,https://img.travel.rakuten.co.jp/image/tr/api/hs/dQ4dX/?f_no=180777,,050-3138-6053,
ＩＮＦＩＮＩＴＹＲＥＳＯＲＴ樋川,https://img.travel.rakuten.co.jp/image/tr/api/hs/dQ4dX/?f_no=180812,,070-5410-0773,
ＨＯＴＥＬ　ＯＭＯＲＯ５８,https://img.travel.rakuten.co.jp/image/tr/api/hs/dQ4dX/?f_no=181036,,080-9854-4473,5
ＳＴＡＹ　ＩＮ　ＳＵＭＵＫＡ　新都心,https://img.travel.rakuten.co.jp/image/tr/api/hs/dQ4dX/?f_no=181168,,098-865-5525,
Ｔ＆Ｋハウス,https://img.travel.rakuten.co.jp/image/tr/api/hs/dQ4dX/?f_no=181210,,050-5212-7664,
リヴェール辻,https://img.travel.rakuten.co.jp/image/tr/api/hs/dQ4dX/?f_no=181213,,050-5212-7664,
オアシスハウス,https://img.travel.rakuten.co.jp/image/tr/api/hs/dQ4dX/?f_no=181456,,050-5212-7664,
ホテルトーマス牧志,https://img.travel.rakuten.co.jp/image/tr/api/hs/dQ4dX/?f_no=181549,,070-1369-1334,
Ｌハウス那覇,https://img.travel.rakuten.co.jp/image/tr/api/hs/dQ4dX/?f_no=181725,,090-6867-8230,
わらゆんＳＯ〜Ｐｏｒｔ　Ｃｉｔｙ　Ｍａｙ〜,https://img.travel.rakuten.co.jp/image/tr/api/hs/dQ4dX/?f_no=181762,,080-2359-0369,
コンドミニアムＨＡＲＵ　那覇県庁前,https://img.travel.rakuten.co.jp/image/tr/api/hs/dQ4dX/?f_no=181788,,050-3138-3457,
Ｋ　ｈｏｕｓｅ（沖縄那覇曙ハウス）,https://img.travel.rakuten.co.jp/image/tr/api/hs/dQ4dX/?f_no=181877,,080-9649-2239,
ＨＯＬＩＤＡＹ,https://img.travel.rakuten.co.jp/image/tr/api/hs/dQ4dX/?f_no=182043,,050-3749-6060,
シャルマン　エスパス壺屋　ｂｙ　Ｃｏｌｄｉｏ　Ｐｒｅｍｉｕｍ,https://img.travel.rakuten.co.jp/image/tr/api/hs/dQ4dX/?f_no=182156,,070-4217-7059,2
アーバンコンドミニアム和風邸おもろまち駅前店,https://img.travel.rakuten.co.jp/image/tr/api/hs/dQ4dX/?f_no=182314,,098-959-2303,
わらゆんＳｏ〜ヴィラ壺屋〜,https://img.travel.rakuten.co.jp/image/tr/api/hs/dQ4dX/?f_no=182316,,080-3982-2071,
ホテルグランコンソルト那覇,https://img.travel.rakuten.co.jp/image/tr/api/hs/dQ4dX/?f_no=183095,,098-860-5577,
レジデンス花崎,https://img.travel.rakuten.co.jp/image/tr/api/hs/dQ4dX/?f_no=183311,,098-869-2113,
ＨＯＴＥＬ　Ｙ’ＲＩＳＥ　ＴＯ　ＵＲＡＳＯＥ,https://img.travel.rakuten.co.jp/image/tr/api/hs/dQ4dX/?f_no=183683,,098-988-1952,
ＲＩＮＧＯテラス壺屋見晴らし抜群【Ｖａｃａｔｉｏｎ　ＳＴＡＹ提供】,https://img.travel.rakuten.co.jp/image/tr/api/hs/dQ4dX/?f_no=171621,2229,050-5444-6620,
Ｇｌｏｒｙ　ｉｓｌａｎｄ　ｏｋｉｎａｗａ　ＳＯＢＥ,https://img.travel.rakuten.co.jp/image/tr/api/hs/dQ4dX/?f_no=184211,,098-996-5083,
ＪＱ　ｖｉｌｌａ　ｎａｈａ　ｎｉｓｈｉ,https://img.travel.rakuten.co.jp/image/tr/api/hs/dQ4dX/?f_no=184238,,075-200-9953,
Ｍ＇ｓリゾート若狭＠ＬｉＢ　ＰＬＵＳ,https://img.travel.rakuten.co.jp/image/tr/api/hs/dQ4dX/?f_no=184239,,075-200-9953,
民宿柏青荘,https://img.travel.rakuten.co.jp/image/tr/api/hs/dQ4dX/?f_no=19329,1500,098-866-5757,
沖縄ホテル,https://img.travel.rakuten.co.jp/image/tr/api/hs/dQ4dX/?f_no=8526,,098-884-3191,
沖縄県青年会館,https://img.travel.rakuten.co.jp/image/tr/api/hs/dQ4dX/?f_no=19420,,098-864-1780,
ホテル大田,https://img.travel.rakuten.co.jp/image/tr/api/hs/dQ4dX/?f_no=67151,,098-868-5151,
Ｈｏｓｔｅｌ　沖縄　リトルオアシス,https://img.travel.rakuten.co.jp/image/tr/api/hs/dQ4dX/?f_no=76418,,098-862-3446,
民宿　はとば荘,https://img.travel.rakuten.co.jp/image/tr/api/hs/dQ4dX/?f_no=137382,,098-868-2818,
ゲストハウス　しまかじ,https://img.travel.rakuten.co.jp/image/tr/api/hs/dQ4dX/?f_no=158829,,098-869-6067,
ＯＲＩＯＮ　ＤＩＶＥＲＳ　ＧＵＥＳＴ　ＨＯＵＳＥ,https://img.travel.rakuten.co.jp/image/tr/api/hs/dQ4dX/?f_no=167916,,098-988-3830,
Ｃａｐｓｕｌｅ　Ｈｏｔｅｌ　２ＮＤ　ＢＯＸ,https://img.travel.rakuten.co.jp/image/tr/api/hs/dQ4dX/?f_no=178576,,098-988-4222,
コスモス新都心,https://img.travel.rakuten.co.jp/image/tr/api/hs/dQ4dX/?f_no=178643,,098-943-2840,
ＴＯＭＭＹ　ＣＯＮＤＯＭＩＮＩＵＭ　ＷＡＫＡＳＡ,https://img.travel.rakuten.co.jp/image/tr/api/hs/dQ4dX/?f_no=180305,,098-943-2600,
那覇クリスタルホテル,https://img.travel.rakuten.co.jp/image/tr/api/hs/dQ4dX/?f_no=182596,,098-862-2111,
ホテル　トロピカーナ【大人専用１８禁・ハピホテ提携】,https://img.travel.rakuten.co.jp/image/tr/api/hs/dQ4dX/?f_no=163428,,098-862-7300,
